data,ora,cliente
2024-04-08,23:50:03,null
2024-03-15,06:33:28,null
2024-01-01,20:47:17,null
2024-04-15,16:11:42,null
2024-05-23,13:41:06,null
2024-03-26,13:12:37,null
2024-01-20,01:54:10,null
2024-02-20,03:44:42,null
2024-05-09,20:18:31,null
2024-01-21,19:42:49,null
2024-02-05,21:44:34,null
2024-05-09,11:42:37,null
2024-02-27,06:20:23,null
2024-03-29,01:18:06,null
2024-03-06,10:18:50,null
2024-02-14,19:38:46,null
2024-05-28,15:22:38,null
2024-03-02,04:19:02,null
2024-02-28,03:44:49,null
2024-02-06,17:16:33,null
2024-03-25,12:46:18,null
2024-03-01,17:18:31,null
2024-02-14,19:23:23,null
2024-05-14,15:01:18,null
2024-03-15,11:46:44,null
2024-05-01,14:05:36,null
2024-05-31,00:29:13,null
2024-02-15,20:37:48,null
2024-02-04,15:33:00,null
2024-02-21,14:42:39,null
2024-01-02,11:12:25,null
2024-05-07,05:32:55,null
2024-01-15,05:50:05,null
2024-04-02,18:40:52,null
2024-04-10,05:57:02,null
2024-01-13,03:54:23,null
2024-02-24,13:28:19,null
2024-02-22,10:39:43,null
2024-01-07,21:59:39,null
2024-01-25,06:13:11,null
2024-05-19,14:30:10,null
2024-05-24,17:19:15,null
2024-04-17,07:19:21,null
2024-03-23,18:30:38,null
2024-05-20,02:00:28,null
2024-01-08,22:54:46,null
2024-03-18,13:04:32,null
2024-03-02,22:32:45,null
2024-03-28,01:18:21,null
2024-01-07,11:19:17,null
2024-05-19,22:44:28,null
2024-05-29,00:02:33,null
2024-05-17,06:26:49,null
2024-03-29,01:11:28,null
2024-03-29,13:17:40,null
2024-03-17,07:16:30,null
2024-01-14,03:22:22,null
2024-04-17,02:40:17,null
2024-02-02,06:09:30,null
2024-04-10,05:40:24,null
2024-05-11,12:07:46,null
2024-03-30,19:22:49,null
2024-03-08,12:57:33,null
2024-02-17,06:52:14,null
2024-04-24,22:24:48,null
2024-05-11,20:07:44,null
2024-02-26,09:16:51,null
2024-04-18,11:32:08,null
2024-05-20,15:33:19,null
2024-02-11,20:50:59,null
2024-03-03,10:15:36,null
2024-04-19,16:58:59,null
2024-03-24,23:49:03,null
2024-05-31,18:55:28,null
2024-01-29,07:41:32,null
2024-03-29,09:53:34,null
2024-02-26,08:16:26,null
2024-05-22,14:35:45,null
2024-02-19,10:00:48,null
2024-04-30,01:34:05,null
2024-01-29,15:46:57,null
2024-01-02,17:37:13,null
2024-05-09,01:40:43,null
2024-04-26,01:11:04,null
2024-05-19,13:18:32,null
2024-05-30,12:00:15,null
2024-01-10,23:04:38,null
2024-02-13,08:55:24,null
2024-04-15,14:15:26,null
2024-03-13,00:28:55,null
2024-03-08,05:17:45,null
2024-01-22,11:04:01,null
2024-03-12,07:31:42,null
2024-02-01,05:26:30,null
2024-02-29,04:47:12,null
2024-01-23,07:22:50,null
2024-03-22,12:51:40,null
2024-01-23,04:10:30,null
2024-04-02,06:10:20,null
2024-01-07,00:02:23,null
2024-04-19,13:41:30,null
2024-02-18,10:33:01,null
2024-05-03,08:31:20,null
2024-01-16,14:49:29,null
2024-02-25,06:32:12,null
2024-03-16,20:13:37,null
2024-03-21,09:10:26,null
2024-03-29,02:24:53,null
2024-04-24,04:26:20,null
2024-04-10,16:38:48,null
2024-03-18,23:23:13,null
2024-03-20,06:52:26,null
2024-04-23,12:29:21,null
2024-02-21,10:56:48,null
2024-02-08,01:30:07,null
2024-02-24,23:31:54,null
2024-05-02,21:02:43,null
2024-03-09,19:26:18,null
2024-02-10,12:12:24,null
2024-02-03,03:38:47,null
2024-04-17,02:01:15,null
2024-01-26,23:49:09,null
2024-02-18,23:15:12,null
2024-03-24,23:32:11,null
2024-03-05,00:41:23,null
2024-02-25,10:54:04,null
2024-01-01,18:18:08,null
2024-05-24,18:20:51,null
2024-05-29,01:45:57,null
2024-03-29,16:10:19,null
2024-01-31,01:26:34,null
2024-04-12,03:40:27,null
2024-04-17,18:05:33,null
2024-02-06,02:28:25,null
2024-01-24,06:32:47,null
2024-02-13,17:53:57,null
2024-03-02,23:13:59,null
2024-03-10,14:37:11,null
2024-03-04,21:52:06,null
2024-01-08,03:47:35,null
2024-04-13,00:32:06,null
2024-05-15,19:41:24,null
2024-01-10,23:12:41,null
2024-05-04,16:31:25,null
2024-04-30,06:20:10,null
2024-04-21,11:55:05,null
2024-05-30,08:45:56,null
2024-03-19,12:39:10,null
2024-02-20,07:30:08,null
2024-02-09,12:31:03,null
2024-04-14,18:44:30,null
2024-05-30,22:56:10,null
2024-04-08,04:26:48,null
2024-02-02,03:45:01,null
2024-04-04,18:35:22,null
2024-01-24,19:33:42,null
2024-03-30,09:31:26,null
2024-02-26,07:56:27,null
2024-05-25,02:54:16,null
2024-01-12,18:57:31,null
2024-05-10,03:01:45,null
2024-04-08,13:09:22,null
2024-02-26,07:26:24,null
2024-04-27,10:32:59,null
2024-04-22,17:21:37,null
2024-04-22,17:06:50,null
2024-05-08,11:35:14,null
2024-01-15,17:01:36,null
2024-02-16,10:38:37,null
2024-05-07,00:10:20,null
2024-04-24,09:06:02,null
2024-04-28,13:33:41,null
2024-05-06,09:39:07,null
2024-01-11,05:05:19,null
2024-01-08,14:10:03,null
2024-02-07,03:13:15,null
2024-03-12,18:27:16,null
2024-03-21,19:36:28,null
2024-02-14,18:27:16,null
2024-04-16,15:31:53,null
2024-02-20,14:32:18,null
2024-02-13,23:42:10,null
2024-03-15,10:07:27,null
2024-05-16,14:12:31,null
2024-02-27,09:01:25,null
2024-01-25,01:18:43,null
2024-02-09,06:50:53,null
2024-01-27,19:56:00,null
2024-01-18,20:39:18,null
2024-03-31,10:25:45,null
2024-05-16,12:27:52,null
2024-03-15,03:33:10,null
2024-03-14,11:39:46,null
2024-05-14,18:31:26,null
2024-01-16,11:34:28,null
2024-05-12,16:11:56,null
2024-03-11,03:04:50,null
2024-03-15,01:17:44,null
2024-02-08,12:26:05,null
2024-01-20,19:56:05,null
2024-05-09,23:59:32,null
2024-04-25,16:46:12,null
2024-04-04,19:31:15,null
2024-04-17,05:39:30,null
2024-01-19,01:22:53,null
2024-04-21,16:17:40,null
2024-05-13,21:05:01,null
2024-01-20,16:05:07,null
2024-02-09,02:45:20,null
2024-05-28,18:51:38,null
2024-01-25,14:22:15,null
2024-04-02,20:25:47,null
2024-02-22,15:40:43,null
2024-05-06,20:09:12,null
2024-01-26,17:16:38,null
2024-03-20,23:56:08,null
2024-03-05,20:28:31,null
2024-04-18,12:58:01,null
2024-04-21,19:49:56,null
2024-02-25,12:35:31,null
2024-01-05,19:14:32,null
2024-03-10,16:29:53,null
2024-01-30,08:32:37,null
2024-04-17,12:05:19,null
2024-04-24,10:48:35,null
2024-04-08,17:13:38,null
2024-05-09,00:52:25,null
2024-01-13,17:15:37,null
2024-03-30,10:10:08,null
2024-01-24,23:08:26,null
2024-01-01,12:27:22,null
2024-05-21,07:04:56,null
2024-05-17,02:49:47,null
2024-04-25,12:15:28,null
2024-03-30,04:16:56,null
2024-02-16,05:57:23,null
2024-01-31,16:23:14,null
2024-02-15,03:36:36,null
2024-05-08,02:43:55,null
2024-01-27,06:42:23,null
2024-02-23,13:13:16,null
2024-03-04,20:27:38,null
2024-04-16,19:56:37,null
2024-03-03,10:21:08,null
2024-01-31,15:54:15,null
2024-01-05,08:53:54,null
2024-05-16,23:41:40,null
2024-04-01,02:54:37,null
2024-02-21,00:45:41,null
2024-01-28,19:31:35,null
2024-04-17,18:27:37,null
2024-02-05,00:48:46,null
2024-05-04,05:55:07,null
2024-04-01,10:36:29,null
2024-05-14,10:42:46,null
2024-02-10,07:06:03,null
2024-01-01,16:50:58,null
2024-05-01,03:40:28,null
2024-01-23,12:37:22,null
2024-03-20,08:08:45,null
2024-05-14,14:16:00,null
2024-01-15,06:35:45,null
2024-04-06,12:45:18,null
2024-04-07,01:54:35,null
2024-02-01,20:28:54,null
2024-02-07,08:01:45,null
2024-03-09,05:45:02,null
2024-01-16,15:56:00,null
2024-02-01,04:18:08,null
2024-02-26,06:11:26,null
2024-04-24,13:56:58,null
2024-03-06,22:03:36,null
2024-04-25,11:20:12,null
2024-05-10,05:44:11,null
2024-02-15,02:10:55,null
2024-05-22,20:00:42,null
2024-04-20,04:09:44,null
2024-01-23,20:10:38,null
2024-04-23,11:10:56,null
2024-03-28,04:15:05,null
2024-03-02,21:19:03,null
2024-05-13,21:57:00,null
2024-01-10,16:20:45,null
2024-02-13,00:46:04,null
2024-01-03,17:10:34,null
2024-03-25,08:18:26,null
2024-04-28,08:13:06,null
2024-05-31,10:22:39,null
2024-02-18,20:15:07,null
2024-02-24,20:20:29,null
2024-02-14,12:16:02,null
2024-02-13,15:58:03,null
2024-04-16,10:08:25,null
2024-04-02,18:23:39,null
2024-04-05,19:00:09,null
2024-04-18,06:26:41,null
2024-04-09,23:24:34,null
2024-03-22,12:22:53,null
2024-01-22,06:32:26,null
2024-02-10,09:36:44,null
2024-01-12,23:24:51,null
2024-01-24,20:22:38,null
2024-05-09,20:12:37,null
2024-04-29,03:42:12,null
2024-03-02,09:03:31,null
2024-05-25,17:29:23,null
2024-05-28,07:19:50,null
2024-02-18,19:08:18,null
2024-05-20,08:39:50,null
2024-04-09,10:53:26,null
2024-03-08,02:54:47,null
2024-05-30,03:45:47,null
2024-02-25,23:31:55,null
2024-03-11,20:51:10,null
2024-02-09,18:00:14,null
2024-05-13,07:56:56,null
2024-04-19,11:17:46,null
2024-02-21,08:34:07,null
2024-03-20,04:34:27,null
2024-04-02,11:21:11,null
2024-01-03,06:58:06,null
2024-05-15,23:57:29,null
2024-03-08,01:00:53,null
2024-05-11,05:33:39,null
2024-02-15,22:49:48,null
2024-03-22,01:33:23,null
2024-03-30,08:42:28,null
2024-04-14,23:23:18,null
2024-01-05,15:29:06,null
2024-05-04,15:40:36,null
2024-01-05,07:00:10,null
2024-04-09,07:57:26,null
2024-01-22,11:58:18,null
2024-02-18,01:31:26,null
2024-02-03,05:10:02,null
2024-03-20,10:45:16,null
2024-02-28,01:31:37,null
2024-03-19,07:07:14,null
2024-03-03,21:23:41,null
2024-01-30,19:49:46,null
2024-01-13,11:24:20,null
2024-01-30,16:35:06,null
2024-04-03,14:53:52,null
2024-01-30,07:03:23,null
2024-04-03,13:59:42,null
2024-03-06,09:31:06,null
2024-04-02,23:24:01,null
2024-05-25,17:45:29,null
2024-05-04,10:30:59,null
2024-04-22,09:36:42,null
2024-01-31,16:05:51,null
2024-04-10,10:43:53,null
2024-02-02,14:50:18,null
2024-01-02,22:15:53,null
2024-01-15,22:26:02,null
2024-02-05,18:11:25,null
2024-05-19,21:30:27,null
2024-05-15,00:26:33,null
2024-01-13,17:49:13,null
2024-04-07,06:33:33,null
2024-04-21,10:45:16,null
2024-05-24,07:50:45,null
2024-05-09,22:15:37,null
2024-05-11,10:07:13,null
2024-04-01,18:52:49,null
2024-01-31,01:53:22,null
2024-01-31,17:18:22,null
2024-02-28,22:56:51,null
2024-02-17,07:20:19,null
2024-01-21,03:49:18,null
2024-03-28,00:29:27,null
2024-01-10,17:22:14,null
2024-01-15,21:31:08,null
2024-02-06,05:15:17,null
2024-03-04,10:24:03,null
2024-04-02,05:34:14,null
2024-01-15,03:54:58,null
2024-01-10,10:10:59,null
2024-04-14,03:51:53,null
2024-04-02,15:10:54,null
2024-04-18,23:33:23,null
2024-05-30,14:42:24,null
2024-02-21,04:26:26,null
2024-04-19,19:07:48,null
2024-05-21,00:10:05,null
2024-01-09,06:48:36,null
2024-01-06,23:15:38,null
2024-03-26,22:45:06,null
2024-03-24,05:34:33,null
2024-01-17,05:11:30,null
2024-05-05,04:51:16,null
2024-05-30,15:01:26,null
2024-03-31,12:19:38,null
2024-05-18,22:02:04,null
2024-02-25,15:52:45,null
2024-02-21,17:03:39,null
2024-03-20,03:38:40,null
2024-05-26,08:45:38,null
2024-02-12,09:17:39,null
2024-02-21,04:48:43,null
2024-04-20,04:09:35,null
2024-03-24,13:35:15,null
2024-05-31,05:21:17,null
2024-01-14,08:38:53,null
2024-02-13,01:39:35,null
2024-02-21,14:13:12,null
2024-04-23,05:41:27,null
2024-04-29,22:28:09,null
2024-05-20,15:04:49,null
2024-04-05,18:35:05,null
2024-01-22,17:21:20,null
2024-03-01,04:38:47,null
2024-04-19,08:12:33,null
2024-03-24,05:49:31,null
2024-04-19,16:28:03,null
2024-02-14,05:01:26,null
2024-01-19,09:45:26,null
2024-02-11,03:38:20,null
2024-01-21,02:22:20,null
2024-01-21,20:10:42,null
2024-04-17,08:28:08,null
2024-05-27,22:57:38,null
2024-02-18,07:34:36,null
2024-03-28,17:36:59,null
2024-02-28,03:53:18,null
2024-01-01,21:08:27,null
2024-04-06,15:45:42,null
2024-05-07,19:00:39,null
2024-01-01,23:41:07,null
2024-03-13,22:35:56,null
2024-02-02,02:20:09,null
2024-04-17,16:27:31,null
2024-01-23,22:43:41,null
2024-05-03,00:47:52,null
2024-03-13,09:21:31,null
2024-05-08,04:31:21,null
2024-02-02,06:23:05,null
2024-02-25,02:13:56,null
2024-04-06,18:37:23,null
2024-03-24,03:50:31,null
2024-03-18,06:33:35,null
2024-01-22,00:16:25,null
2024-03-13,10:25:06,null
2024-03-14,03:02:37,null
2024-02-04,00:44:53,null
2024-01-17,00:17:20,null
2024-05-25,21:14:14,null
2024-03-14,06:12:21,null
2024-02-07,13:49:05,null
2024-01-27,08:09:30,null
2024-01-13,21:21:17,null
2024-04-29,22:57:24,null
2024-03-28,04:46:30,null
2024-01-24,14:10:28,null
2024-01-11,04:53:34,null
2024-05-06,11:26:59,null
2024-04-04,10:19:28,null
2024-05-11,11:06:42,null
2024-05-02,08:00:35,null
2024-04-22,13:39:23,null
2024-04-18,15:13:28,null
2024-04-27,06:30:49,null
2024-05-19,12:49:32,null
2024-01-09,15:52:13,null
2024-01-23,13:05:10,null
2024-03-09,17:18:27,null
2024-01-24,21:13:06,null
2024-05-22,14:30:44,null
2024-05-23,01:53:51,null
2024-03-10,19:22:12,null
2024-02-02,17:07:32,null
2024-03-16,05:10:54,null
2024-02-15,23:19:51,null
2024-04-03,08:51:06,null
2024-04-01,09:01:27,null
2024-03-26,12:10:33,null
2024-03-30,18:33:02,null
2024-02-25,22:28:10,null
2024-02-26,09:25:06,null
2024-01-18,18:42:30,null
2024-03-10,23:07:52,null
2024-05-18,20:18:03,null
2024-01-13,03:16:11,null
2024-01-04,11:57:24,null
2024-04-05,19:08:46,null
2024-02-03,12:06:39,null
2024-04-02,09:27:30,null
2024-01-14,08:01:20,null
2024-05-05,06:06:52,null
2024-03-15,13:50:17,null
2024-05-09,03:30:22,null
2024-05-22,11:26:48,null
2024-01-07,12:34:54,null
2024-03-04,14:19:04,null
2024-05-26,13:50:10,null
2024-05-16,06:39:09,null
2024-04-14,05:49:53,null
2024-01-16,09:55:11,null
2024-03-29,13:10:10,null
2024-05-10,22:14:14,null
2024-02-29,23:50:03,rebeccamiller@example.org
2024-01-02,06:33:28,barry75@example.org
2024-05-17,20:47:17,kenneth77@example.net
2024-02-10,16:11:42,davidjacobs@example.net
2024-02-21,13:41:06,jordansmith@example.org
2024-03-10,13:12:37,rachelcoleman@example.net
2024-03-21,01:54:10,davidjacobs@example.net
2024-02-01,03:44:42,michaelburke@example.com
2024-05-19,20:18:31,starkbryan@example.net
2024-04-03,19:42:49,thudson@example.net
2024-05-03,21:44:34,karlalane@example.org
2024-01-09,11:42:37,brandyrusso@example.com
2024-05-21,06:20:23,unovak@example.net
2024-04-01,01:18:06,nrosario@example.net
2024-05-31,10:18:50,zpayne@example.net
2024-05-17,19:38:46,santosjulie@example.org
2024-01-19,15:22:38,garciakathy@example.com
2024-04-19,04:19:02,zpayne@example.net
2024-04-11,03:44:49,starkbryan@example.net
2024-04-23,17:16:33,jillharris@example.org
2024-01-29,12:46:18,webbraymond@example.com
2024-02-19,17:18:31,barry75@example.org
2024-03-11,19:23:23,brandyrusso@example.com
2024-03-30,15:01:18,angel06@example.com
2024-02-13,11:46:44,hcolon@example.org
2024-02-07,14:05:36,kenneth77@example.net
2024-03-09,00:29:13,andrew62@example.net
2024-01-31,20:37:48,marcia41@example.org
2024-03-15,15:33:00,barry75@example.org
2024-05-08,14:42:39,brandyrusso@example.com
2024-05-14,11:12:25,unovak@example.net
2024-04-13,05:32:55,hcolon@example.org
2024-02-01,05:50:05,jordansmith@example.org
2024-02-20,18:40:52,zpayne@example.net
2024-04-29,05:57:02,davidjacobs@example.net
2024-03-14,03:54:23,rachelcoleman@example.net
2024-04-30,13:28:19,jillharris@example.org
2024-03-06,10:39:43,michaelburke@example.com
2024-05-16,21:59:39,lwilliamson@example.net
2024-03-26,06:13:11,karlalane@example.org
2024-04-11,14:30:10,stephenherrera@example.org
2024-03-09,17:19:15,kristen85@example.com
2024-02-19,07:19:21,michaelburke@example.com
2024-02-15,18:30:38,jillharris@example.org
2024-01-04,02:00:28,valdezsusan@example.org
2024-02-07,22:54:46,kristen85@example.com
2024-04-04,13:04:32,garciakathy@example.com
2024-03-12,22:32:45,karlalane@example.org
2024-04-05,01:18:21,angel06@example.com
2024-02-29,11:19:17,larrychung@example.net
2024-05-08,22:44:28,andrew62@example.net
2024-04-23,00:02:33,justin16@example.net
2024-02-12,06:26:49,jordansmith@example.org
2024-02-07,01:11:28,kristen85@example.com
2024-05-24,13:17:40,starkbryan@example.net
2024-03-23,07:16:30,valdezsusan@example.org
2024-05-11,03:22:22,barry75@example.org
2024-05-02,02:40:17,thudson@example.net
2024-01-29,06:09:30,marcia41@example.org
2024-02-12,05:40:24,rachelcoleman@example.net
2024-01-16,12:07:46,stephenherrera@example.org
2024-01-11,19:22:49,barry75@example.org
2024-04-01,12:57:33,xtyler@example.org
2024-02-10,06:52:14,kristen85@example.com
2024-03-13,22:24:48,stephenherrera@example.org
2024-04-27,20:07:44,stephenherrera@example.org
2024-05-07,09:16:51,webbraymond@example.com
2024-01-04,11:32:08,unovak@example.net
2024-01-18,15:33:19,kristen85@example.com
2024-04-25,20:50:59,rachelcoleman@example.net
